[{"Subject":"dxufam","Message":"gegdb","SenderId":"sbam","ReceiverId":"sbam"},{"Subject":"zaqwdb","Message":"yntsaq","SenderId":"cgiaw","ReceiverId":"wiamdqsr"},{"Subject":"nlsfcbg","Message":"qjszwkq","SenderId":"sbam","ReceiverId":"pjngsv"},{"Subject":"iesvn","Message":"oyhlhm","SenderId":"pjngsv","ReceiverId":"tzxkvj"},{"Subject":"npptom","Message":"tygtjocd","SenderId":"tzxkvj","ReceiverId":"sbam"},{"Subject":"iwmaryhr","Message":"tuke","SenderId":"vtzijd","ReceiverId":"tzxkvj"},{"Subject":"jubipw","Message":"kuptc","SenderId":"vtzijd","ReceiverId":"sbam"},{"Subject":"wudpxy","Message":"bwguwv","SenderId":"sbam","ReceiverId":"spxxhe"},{"Subject":"sfvwvihr","Message":"cuiaat","SenderId":"jfufafxg","ReceiverId":"spxxhe"},{"Subject":"dzwoe","Message":"ilcoyns","SenderId":"cntlycyw","ReceiverId":"cqmrqlp"},{"Subject":"zcqntn","Message":"laudgb","SenderId":"pjngsv","ReceiverId":"spxxhe"},{"Subject":"hojs","Message":"eaan","SenderId":"jaseqajp","ReceiverId":"xvrml"},{"Subject":"sbkifoa","Message":"bcnpmkn","SenderId":"wiamdqsr","ReceiverId":"sbam"}]