[{"UserName":"bfrfq","Email":"tzxkvj"},{"UserName":"bgrmhn","Email":"pjngsv"},{"UserName":"xipzaq","Email":"txntey"},{"UserName":"daomrck","Email":"wiamdqsr"},{"UserName":"nvyvrh","Email":"vtzijd"},{"UserName":"covmjzu","Email":"sbam"},{"UserName":"ynmub","Email":"cgiaw"},{"UserName":"sdqydc","Email":"spxxhe"},{"UserName":"kcks","Email":"jaseqajp"},{"UserName":"mymc","Email":"cntlycyw"},{"UserName":"bykocjox","Email":"jfufafxg"},{"UserName":"ohpdc","Email":"cqmrqlp"},{"UserName":"ndqgglgf","Email":"ozdwdw"},{"UserName":"oossko","Email":"xvrml"},{"UserName":"whntihck","Email":"rudisady"},{"UserName":"ztzdcsxn","Email":"vskozuis"}]